open_time,open,high,low,close,volume,close_time,quote_volume,count,taker_buy_volume,taker_buy_quote_volume,ignore
1684699200000,26902.13000000,26926.29000000,26820.00000000,26845.80000000,714.82489000,1684702799999,19213278.43464700,19707,369.79553000,9938148.13604530,0
1684702800000,26845.79000000,26846.65000000,26666.03000000,26745.15000000,2132.48646000,1684706399999,57016942.69541520,43650,918.95845000,24566551.84310300,0
1684706400000,26745.15000000,26794.81000000,26731.42000000,26754.81000000,515.25099000,1684709999999,13792769.91675120,16219,269.07554000,7202413.04702600,0
1684710000000,26754.82000000,26804.63000000,26726.15000000,26747.78000000,427.47877000,1684713599999,11446471.21234260,16270,232.86225000,6235231.44743640,0
1684713600000,26747.78000000,26779.54000000,26549.29000000,26656.11000000,1814.57122000,1684717199999,48337252.61417660,46881,801.14651000,21339136.25856830,0
1684717200000,26656.10000000,26688.23000000,26560.00000000,26584.17000000,1348.42270000,1684720799999,35907026.88270580,32441,688.42802000,18331497.39592580,0
1684720800000,26584.17000000,26666.04000000,26538.21000000,26649.67000000,1427.40856000,1684724399999,37988444.37332160,30076,727.93809000,19369559.97909630,0
1684724400000,26649.67000000,26675.69000000,26635.77000000,26644.80000000,627.38681000,1684727999999,16722725.64414240,17462,279.59981000,7452393.34517320,0
1684728000000,26644.80000000,26728.79000000,26643.12000000,26691.67000000,767.58316000,1684731599999,20482175.05649700,19350,368.19535000,9824572.66706460,0
1684731600000,26691.66000000,26800.00000000,26691.66000000,26756.09000000,941.74353000,1684735199999,25190048.08091760,23882,464.83481000,12433156.63613260,0
1684735200000,26756.08000000,26913.14000000,26751.46000000,26821.69000000,1452.87038000,1684738799999,39004217.04217840,40960,722.28504000,19389012.31108600,0
1684738800000,26821.68000000,26875.77000000,26795.03000000,26843.13000000,857.76414000,1684742399999,23021925.69039460,24643,371.34484000,9966427.18819030,0
1684742400000,26843.12000000,26900.00000000,26826.62000000,26826.62000000,694.36389000,1684745999999,18654877.22947880,22546,301.75837000,8106974.66431580,0
1684746000000,26826.62000000,26887.62000000,26824.66000000,26862.57000000,601.11258000,1684749599999,16143981.53642850,22037,312.33213000,8388192.58242490,0
1684749600000,26862.56000000,26875.56000000,26795.75000000,26831.77000000,661.21279000,1684753199999,17742034.46251930,23872,285.39541000,7657617.23741020,0
1684753200000,26831.77000000,26834.12000000,26767.34000000,26826.78000000,668.56744000,1684756799999,17916363.57601610,22028,318.75162000,8541583.82741910,0
1684756800000,26826.79000000,26866.00000000,26731.00000000,26731.60000000,971.30340000,1684760399999,26027313.17987290,30664,411.33548000,11023380.30740540,0
1684760400000,26731.61000000,27099.89000000,26702.91000000,27007.00000000,3265.09349000,1684763999999,87986577.96604400,74474,1783.83775000,48070160.20067200,0
1684764000000,27007.01000000,27041.34000000,26769.49000000,26957.28000000,2749.78470000,1684767599999,74002834.51394600,67514,1358.07542000,36542254.38934640,0
1684767600000,26957.27000000,26977.23000000,26811.73000000,26877.18000000,1426.88984000,1684771199999,38357319.78921070,38909,610.69629000,16413278.45248350,0
1684771200000,26877.17000000,26925.10000000,26835.65000000,26873.16000000,1066.53729000,1684774799999,28665467.68913010,29443,446.89886000,12010717.98714610,0
1684774800000,26873.16000000,26896.87000000,26781.99000000,26850.16000000,1296.73483000,1684778399999,34789465.93779470,34142,597.42596000,16027721.14235390,0
1684778400000,26850.16000000,26930.00000000,26836.44000000,26880.19000000,901.94161000,1684781999999,24249318.90793890,24555,460.96300000,12394113.91489230,0
1684782000000,26880.19000000,26889.96000000,26819.10000000,26862.43000000,883.21086000,1684785599999,23714114.56797580,24488,362.52126000,9733366.94485700,0
1684785600000,26862.43000000,26934.93000000,26833.21000000,26895.13000000,525.78120000,1684789199999,14131132.65797370,18637,262.18469000,7047631.24090120,0
1684789200000,26895.14000000,26959.52000000,26880.44000000,26900.52000000,576.12171000,1684792799999,15508021.78248960,19373,273.96232000,7374083.36506040,0
1684792800000,26900.52000000,26913.78000000,26872.02000000,26872.03000000,371.21800000,1684796399999,9981620.49487890,14356,149.32934000,4015212.76326270,0
1684796400000,26872.02000000,26883.17000000,26834.45000000,26849.27000000,561.21415000,1684799999999,15070737.04824240,14378,280.43888000,7530731.65849390,0
1684800000000,26849.28000000,26936.58000000,26798.11000000,26822.33000000,824.15766000,1684803599999,22147635.91520430,23466,353.69477000,9505320.88516980,0
1684803600000,26822.34000000,27110.00000000,26803.36000000,26994.98000000,3103.48337000,1684807199999,83775278.55220050,55087,1781.22657000,48080322.88994210,0
1684807200000,26994.98000000,27173.53000000,26994.97000000,27128.42000000,2379.27506000,1684810799999,64389941.91568240,37393,1302.86439000,35262435.19249420,0
1684810800000,27128.41000000,27442.03000000,27115.20000000,27366.67000000,5427.82964000,1684814399999,148236290.94413540,91938,2998.72789000,81888886.97590250,0
1684814400000,27366.67000000,27435.34000000,27338.35000000,27381.65000000,3187.08987000,1684817999999,87267323.40199400,55550,1525.34438000,41764346.02366980,0
1684818000000,27381.64000000,27495.83000000,27366.69000000,27387.49000000,2396.74337000,1684821599999,65701571.87905600,42901,1233.26455000,33808264.89336320,0
1684821600000,27387.50000000,27426.52000000,27278.18000000,27292.49000000,2210.67511000,1684825199999,60443307.97228660,45947,1028.31467000,28114562.94407040,0
1684825200000,27292.50000000,27324.28000000,27205.01000000,27304.40000000,1584.70412000,1684828799999,43230221.56536540,40772,754.79175000,20591086.74793930,0
1684828800000,27304.40000000,27337.00000000,27250.32000000,27334.52000000,1097.53462000,1684832399999,29955768.50506740,26630,508.15023000,13870288.34432400,0
1684832400000,27334.52000000,27347.07000000,27269.86000000,27273.54000000,1137.51824000,1684835999999,31053910.86832480,25060,512.94842000,14003007.60838420,0
1684836000000,27273.54000000,27334.78000000,27253.27000000,27327.80000000,922.81316000,1684839599999,25183741.17665350,22472,436.13475000,11902112.87535190,0
1684839600000,27327.80000000,27349.00000000,27283.22000000,27337.36000000,876.93211000,1684843199999,23959800.85033620,22367,395.36299000,10801985.30533700,0
1684843200000,27337.36000000,27386.26000000,27240.45000000,27284.78000000,1444.60836000,1684846799999,39471961.40906580,31992,641.16128000,17519395.53935300,0
1684846800000,27284.77000000,27306.72000000,27175.19000000,27236.03000000,1841.35580000,1684850399999,50187710.70210050,42652,826.28603000,22521895.97525440,0
1684850400000,27236.04000000,27358.22000000,27233.17000000,27321.35000000,1436.29183000,1684853999999,39215988.89812650,33051,688.40590000,18795026.31198460,0
1684854000000,27321.34000000,27359.93000000,27291.02000000,27320.05000000,1259.92714000,1684857599999,34419637.27167630,30019,538.22092000,14703557.47638460,0
1684857600000,27320.04000000,27328.48000000,27200.16000000,27229.23000000,1338.80023000,1684861199999,36500761.93868060,31862,521.09914000,14206727.36267950,0
1684861200000,27229.24000000,27270.23000000,27185.52000000,27203.71000000,1066.45387000,1684864799999,29028894.12922950,27351,497.36542000,13537783.38764390,0
1684864800000,27203.71000000,27219.97000000,27119.00000000,27139.01000000,1406.66368000,1684868399999,38213024.07530670,31242,645.87815000,17545598.07623890,0
1684868400000,27139.01000000,27219.48000000,27100.79000000,27181.22000000,1136.08024000,1684871999999,30866966.89646460,27843,498.57487000,13545362.21619250,0
1684872000000,27181.23000000,27242.67000000,27151.38000000,27215.11000000,1131.92459000,1684875599999,30777254.80907660,25273,589.15276000,16017700.45837320,0
1684875600000,27215.10000000,27239.41000000,27187.56000000,27200.38000000,486.93209000,1684879199999,13249199.74466150,15613,217.42887000,5916201.10873050,0
1684879200000,27200.37000000,27221.12000000,27178.09000000,27194.91000000,573.16334000,1684882799999,15589610.36132940,16634,246.89630000,6714948.58134420,0
1684882800000,27194.91000000,27249.38000000,27192.35000000,27219.61000000,429.88108000,1684886399999,11699977.82035070,13284,224.90617000,6120960.08512180,0
1684886400000,27219.61000000,27219.61000000,27124.91000000,27156.70000000,803.33097000,1684889999999,21832170.84677590,24896,342.42713000,9306529.92681070,0
1684890000000,27156.71000000,27188.93000000,27134.99000000,27138.19000000,673.22575000,1684893599999,18284547.77438310,21028,282.78735000,7680523.52170910,0
1684893600000,27138.20000000,27170.71000000,27111.00000000,27161.76000000,612.33363000,1684897199999,16627937.90579330,18325,266.71842000,7242426.95955590,0
1684897200000,27161.75000000,27164.59000000,26649.88000000,26786.00000000,6221.40696000,1684900799999,167038856.09969590,100626,2835.58731000,76107123.47406730,0
1684900800000,26786.01000000,26812.63000000,26704.71000000,26804.12000000,2292.11510000,1684904399999,61336280.62799590,42277,1117.59239000,29908710.03018390,0
1684904400000,26804.11000000,26830.42000000,26718.03000000,26775.45000000,1847.73988000,1684907999999,49498728.53949640,35843,937.99647000,25129146.21940660,0
1684908000000,26775.44000000,26775.45000000,26613.00000000,26712.55000000,1656.34699000,1684911599999,44249689.56480830,39088,764.45077000,20422644.40291350,0
1684911600000,26712.56000000,26757.72000000,26646.00000000,26678.67000000,1519.91544000,1684915199999,40592985.60794070,37847,743.02225000,19843707.65284650,0
1684915200000,26678.67000000,26754.02000000,26670.00000000,26748.58000000,1372.73962000,1684918799999,36681165.26980640,28922,715.81956000,19126575.53601720,0
1684918800000,26748.58000000,26839.02000000,26737.40000000,26750.80000000,1723.75942000,1684922399999,46166531.70298850,35426,957.60901000,25647483.89975560,0
1684922400000,26750.80000000,26762.60000000,26715.06000000,26730.00000000,1033.32953000,1684925999999,27624290.81277140,25290,509.04389000,13607432.83815320,0
1684926000000,26730.01000000,26764.91000000,26680.64000000,26742.24000000,1102.61352000,1684929599999,29459525.12627650,26939,569.50536000,15215758.21078300,0
1684929600000,26742.25000000,26742.25000000,26661.05000000,26695.41000000,1301.37294000,1684933199999,34754820.36548160,28935,619.96731000,16556504.85908980,0
1684933200000,26695.41000000,26709.62000000,26274.69000000,26442.86000000,5577.53705000,1684936799999,147710518.32974480,94229,2543.24276000,67327872.90345240,0
1684936800000,26442.85000000,26442.86000000,26144.36000000,26254.93000000,6194.40860000,1684940399999,162938072.14465530,96110,2948.64083000,77568128.84610870,0
1684940400000,26254.93000000,26377.63000000,26080.50000000,26314.69000000,5950.33781000,1684943999999,156090107.46255700,90023,3097.85462000,81273584.58453650,0
1684944000000,26314.69000000,26326.47000000,26159.97000000,26238.01000000,2384.09871000,1684947599999,62533751.10872820,44401,1239.62592000,32513636.98069950,0
1684947600000,26238.01000000,26358.99000000,26170.18000000,26285.01000000,2314.20204000,1684951199999,60792246.77256020,37882,1241.20223000,32605553.63505690,0
1684951200000,26285.01000000,26324.41000000,26214.00000000,26220.55000000,1901.30293000,1684954799999,49943555.43558690,33224,909.49336000,23889219.52940990,0
1684954800000,26220.55000000,26397.64000000,26201.67000000,26252.33000000,2349.96235000,1684958399999,61795762.10945050,40509,1171.28517000,30802214.85515460,0
1684958400000,26252.34000000,26486.46000000,26242.62000000,26404.18000000,2878.77545000,1684961999999,75937036.87631360,47336,1539.53932000,40605860.93233240,0
1684962000000,26404.18000000,26464.65000000,26310.48000000,26368.66000000,1223.45586000,1684965599999,32298325.57182390,27225,642.68037000,16965044.50549670,0
1684965600000,26368.66000000,26406.00000000,26313.47000000,26348.52000000,746.24121000,1684969199999,19670396.23831000,19907,325.98884000,8592226.50707620,0
1684969200000,26348.52000000,26394.16000000,26318.25000000,26329.01000000,712.51394000,1684972799999,18778933.16041090,16479,376.83127000,9932271.00572770,0
1684972800000,26329.00000000,26394.37000000,26197.12000000,26236.47000000,1510.80228000,1684976399999,39702598.05091190,32410,687.06095000,18059106.99626240,0
1684976400000,26236.46000000,26318.58000000,25871.89000000,26124.08000000,4961.18524000,1684979999999,129273860.69776370,82480,2292.72385000,59752409.59248100,0
1684980000000,26124.08000000,26147.00000000,26052.88000000,26122.71000000,980.06435000,1684983599999,25582559.28168490,22804,487.80257000,12732540.01720990,0
1684983600000,26122.72000000,26227.71000000,26122.71000000,26183.72000000,1286.50113000,1684987199999,33680753.68548410,26728,634.65177000,16614228.09756930,0
1684987200000,26183.73000000,26269.30000000,26153.00000000,26224.39000000,1119.75205000,1684990799999,29352781.14989000,25483,518.21381000,13584644.72107610,0
1684990800000,26224.39000000,26279.45000000,26214.40000000,26260.12000000,876.80372000,1684994399999,23011152.23344110,20045,380.03616000,9974298.09147730,0
1684994400000,26260.11000000,26300.00000000,26220.01000000,26261.27000000,918.14311000,1684997999999,24114841.44775390,24174,418.93695000,11003382.76767890,0
1684998000000,26261.26000000,26267.29000000,26126.76000000,26131.27000000,1260.39696000,1685001599999,33008357.73675870,32711,545.78248000,14291730.98798280,0
1685001600000,26131.27000000,26252.26000000,26128.37000000,26223.87000000,1292.58748000,1685005199999,33869708.67360860,27670,613.84471000,16083818.94951260,0
1685005200000,26223.87000000,26286.76000000,26223.04000000,26284.76000000,924.32631000,1685008799999,24262533.91536580,23636,483.57380000,12694271.32911360,0
1685008800000,26284.76000000,26302.88000000,26213.79000000,26248.18000000,941.55516000,1685012399999,24718860.93873030,22071,428.55287000,11251488.62051630,0
1685012400000,26248.17000000,26335.16000000,26205.84000000,26296.62000000,1191.27834000,1685015999999,31286627.41790380,26000,516.19756000,13558703.12155830,0
1685016000000,26296.61000000,26499.99000000,26296.61000000,26403.52000000,3353.24498000,1685019599999,88547127.77386280,54188,1757.86273000,46415338.55937680,0
1685019600000,26403.52000000,26432.96000000,26269.53000000,26338.37000000,2000.33420000,1685023199999,52718994.32532160,39660,861.02983000,22693537.21278310,0
1685023200000,26338.36000000,26426.85000000,26287.90000000,26364.65000000,1932.76207000,1685026799999,50950506.69954730,36581,967.90575000,25513793.87899810,0
1685026800000,26364.66000000,26391.71000000,26168.60000000,26226.12000000,2252.36031000,1685030399999,59151931.96673300,43739,981.57566000,25781221.64864500,0
1685030400000,26226.12000000,26320.03000000,26207.47000000,26276.73000000,1544.87957000,1685033999999,40563286.18430750,29349,729.08599000,19141836.01300610,0
1685034000000,26276.73000000,26393.75000000,26250.01000000,26350.84000000,1595.73866000,1685037599999,42008365.19715980,31198,806.18327000,21220504.79853890,0
1685037600000,26350.85000000,26413.08000000,26330.47000000,26374.54000000,1501.99422000,1685041199999,39611539.41652280,28961,713.23766000,18808636.47083460,0
1685041200000,26374.53000000,26631.98000000,26370.16000000,26468.68000000,3098.11072000,1685044799999,82115941.53495030,51722,1561.27379000,41374661.91886640,0
1685044800000,26468.67000000,26522.80000000,26458.52000000,26485.21000000,814.61595000,1685048399999,21574637.02886140,20344,419.02404000,11097232.44076570,0
1685048400000,26485.21000000,26485.22000000,26437.53000000,26475.86000000,672.19930000,1685051999999,17785388.73606120,18349,268.75511000,7110480.99463570,0
1685052000000,26475.85000000,26478.44000000,26432.46000000,26454.41000000,565.98514000,1685055599999,14973188.15359480,14546,255.31672000,6754128.04969830,0
1685055600000,26454.41000000,26551.02000000,26454.41000000,26473.79000000,839.82770000,1685059199999,22252247.45554190,18276,444.46079000,11775944.66100460,0
1685059200000,26473.80000000,26505.24000000,26384.36000000,26469.93000000,1100.64504000,1685062799999,29115359.23838970,28890,534.12561000,14128565.83683540,0
1685062800000,26469.94000000,26539.34000000,26350.00000000,26414.90000000,2072.24102000,1685066399999,54816311.63245190,33646,1010.93640000,26745065.95999390,0
1685066400000,26414.90000000,26442.37000000,26385.36000000,26403.34000000,615.13573000,1685069999999,16251755.16452460,14360,295.00942000,7794011.93243660,0
1685070000000,26403.34000000,26467.56000000,26394.54000000,26435.14000000,659.12119000,1685073599999,17420020.74236450,15257,299.21218000,7907199.47678820,0
1685073600000,26435.14000000,26450.85000000,26410.03000000,26426.43000000,572.61717000,1685077199999,15134806.05867300,15091,236.02920000,6238705.84585310,0
1685077200000,26426.44000000,26432.10000000,26336.99000000,26347.43000000,834.85234000,1685080799999,22023845.42998210,21656,291.72182000,7695283.61253940,0
1685080800000,26347.44000000,26442.80000000,26327.24000000,26434.40000000,1030.08019000,1685084399999,27172849.42263890,26495,510.63781000,13470607.54720580,0
1685084400000,26434.40000000,26534.05000000,26414.36000000,26501.33000000,1532.23064000,1685087999999,40552943.44858320,33528,873.69495000,23125159.26970600,0
1685088000000,26501.34000000,26549.00000000,26468.26000000,26473.36000000,1664.40136000,1685091599999,44111184.74891020,24144,714.10167000,18924469.58059890,0
1685091600000,26473.37000000,26473.50000000,26427.93000000,26445.45000000,1165.18735000,1685095199999,30819218.69760330,21482,551.41787000,14584366.76627560,0
1685095200000,26445.46000000,26485.86000000,26423.62000000,26450.13000000,917.13231000,1685098799999,24257183.20069960,19847,448.66803000,11865584.89087190,0
1685098800000,26450.12000000,26500.00000000,26429.16000000,26463.29000000,1288.54293000,1685102399999,34093404.29530650,23920,588.91509000,15583026.48271570,0
1685102400000,26463.29000000,26528.64000000,26355.81000000,26440.04000000,2090.29052000,1685105999999,55256667.32959930,35145,864.01021000,22838595.35402370,0
1685106000000,26440.04000000,26593.35000000,26440.04000000,26539.97000000,2147.29604000,1685109599999,56964157.94391810,38750,1058.18241000,28073264.94652570,0
1685109600000,26539.98000000,26932.16000000,26539.97000000,26760.01000000,5884.01743000,1685113199999,157461590.08778850,85179,3165.79979000,84702480.54992270,0
1685113200000,26760.00000000,26846.29000000,26741.61000000,26750.21000000,2715.69143000,1685116799999,72761055.82047960,40470,1236.58441000,33134851.04925790,0
1685116800000,26750.22000000,26830.00000000,26744.63000000,26792.36000000,1276.23413000,1685120399999,34192756.57998600,26470,548.31355000,14689293.97702580,0
1685120400000,26792.35000000,26837.34000000,26686.04000000,26713.00000000,1672.57471000,1685123999999,44754278.89509990,29775,703.35499000,18819971.76964890,0
1685124000000,26713.00000000,26757.09000000,26610.49000000,26730.69000000,1922.71379000,1685127599999,51298845.32851790,34567,793.97781000,21184633.83726790,0
1685127600000,26730.68000000,26822.88000000,26730.68000000,26767.21000000,1434.76741000,1685131199999,38420997.75117390,25215,739.09927000,19791529.28291590,0
1685131200000,26767.22000000,26807.50000000,26736.11000000,26747.66000000,915.97852000,1685134799999,24519220.06504490,19666,381.31988000,10207491.11683010,0
1685134800000,26747.66000000,26790.00000000,26722.35000000,26725.24000000,668.95967000,1685138399999,17895085.45635910,15706,313.10380000,8376883.07718210,0
1685138400000,26725.23000000,26754.11000000,26686.00000000,26686.00000000,476.78842000,1685141999999,12743025.38572510,14509,176.78278000,4724891.57315510,0
1685142000000,26686.01000000,26726.77000000,26686.00000000,26705.92000000,403.68779000,1685145599999,10781161.87019020,11987,172.37566000,4603173.00909560,0
1685145600000,26705.93000000,26713.40000000,26633.00000000,26651.92000000,757.05421000,1685149199999,20188293.85179640,23352,367.95497000,9810994.85253590,0
1685149200000,26651.93000000,26713.76000000,26645.62000000,26713.76000000,944.48038000,1685152799999,25201957.67069820,14791,392.95835000,10487015.97218000,0
1685152800000,26713.75000000,26742.98000000,26688.08000000,26742.97000000,459.21649000,1685156399999,12267297.31622790,12450,225.11577000,6013656.42281210,0
1685156400000,26742.98000000,26782.73000000,26713.15000000,26752.00000000,510.19944000,1685159999999,13645324.18147990,14911,218.32268000,5839277.77922700,0
1685160000000,26752.00000000,26786.51000000,26725.50000000,26760.96000000,736.60810000,1685163599999,19707949.48581310,16545,351.31564000,9399274.70837910,0
1685163600000,26760.95000000,26763.71000000,26724.76000000,26725.16000000,417.81894000,1685167199999,11174824.23117340,12705,199.11159000,5325622.11336510,0
1685167200000,26725.16000000,26763.99000000,26710.00000000,26749.47000000,575.09910000,1685170799999,15374007.87109650,17549,310.65168000,8305971.52698180,0
1685170800000,26749.46000000,26749.47000000,26710.00000000,26722.80000000,427.07326000,1685174399999,11413391.21634220,13421,182.47412000,4876258.15855740,0
1685174400000,26722.80000000,26722.80000000,26676.17000000,26688.65000000,670.07974000,1685177999999,17888413.71081940,17249,216.40531000,5776312.80952980,0
1685178000000,26688.64000000,26732.66000000,26683.43000000,26699.17000000,447.03861000,1685181599999,11937937.86111320,15701,225.96760000,6034021.31097060,0
1685181600000,26699.16000000,26716.55000000,26667.93000000,26676.89000000,675.33439000,1685185199999,18029638.30189450,15476,297.61093000,7945712.45370090,0
1685185200000,26676.89000000,26714.01000000,26666.37000000,26699.02000000,450.38607000,1685188799999,12019823.50785240,15686,260.10854000,6941789.50204050,0
1685188800000,26699.02000000,26743.80000000,26677.40000000,26711.50000000,608.65364000,1685192399999,16258570.51454320,16007,285.72487000,7633153.62655220,0
1685192400000,26711.50000000,26777.77000000,26551.00000000,26628.29000000,1169.30285000,1685195999999,31204873.76701780,26335,511.92667000,13662884.49493350,0
1685196000000,26628.29000000,26724.19000000,26607.42000000,26666.87000000,876.55253000,1685199599999,23373187.97581650,25638,447.80067000,11940723.69768310,0
1685199600000,26666.87000000,26690.06000000,26636.98000000,26690.05000000,519.80287000,1685203199999,13859870.76130800,17541,282.02542000,7519775.10637050,0
1685203200000,26690.06000000,26694.26000000,26620.35000000,26664.07000000,526.03404000,1685206799999,14025249.61789300,17366,191.19904000,5097354.50865940,0
1685206800000,26664.07000000,26765.03000000,26663.62000000,26756.70000000,878.06118000,1685210399999,23457352.75149520,21833,465.74081000,12442945.14400880,0
1685210400000,26756.71000000,26846.00000000,26702.63000000,26702.64000000,972.08491000,1685213999999,26025760.71993970,25174,489.31222000,13102090.79467810,0
1685214000000,26702.64000000,26765.73000000,26702.63000000,26729.60000000,405.54357000,1685217599999,10844038.58001930,14960,162.78009000,4352386.44743310,0
1685217600000,26729.60000000,26751.52000000,26726.01000000,26751.52000000,338.38058000,1685221199999,9047484.99394340,13322,175.52952000,4693248.21364220,0
1685221200000,26751.52000000,26774.95000000,26733.84000000,26771.27000000,329.47792000,1685224799999,8814848.99188260,13126,150.10223000,4015680.42299520,0
1685224800000,26771.28000000,26835.93000000,26761.88000000,26803.28000000,773.85827000,1685228399999,20732887.91792360,17620,419.98028000,11252287.64127610,0
1685228400000,26803.28000000,26895.00000000,26803.27000000,26854.27000000,627.54561000,1685231999999,16844277.23640140,16936,322.18176000,8648159.06415990,0
1685232000000,26854.28000000,27119.50000000,26764.36000000,27072.42000000,2783.30210000,1685235599999,75083141.36532650,53447,1612.10849000,43495718.27963810,0
1685235600000,27072.41000000,27165.62000000,27070.83000000,27093.94000000,2381.56573000,1685239199999,64568865.00458080,43965,1109.72252000,30086433.05296910,0
1685239200000,27093.94000000,27129.64000000,27072.16000000,27100.01000000,894.21219000,1685242799999,24232255.37509320,16583,499.39647000,13533656.69553490,0
1685242800000,27100.00000000,27247.10000000,27100.00000000,27187.23000000,1945.12459000,1685246399999,52856310.49842160,31923,1097.90282000,29835328.20299160,0
1685246400000,27187.24000000,27285.52000000,27167.97000000,27167.97000000,1840.13486000,1685249999999,50107529.54211940,29293,1052.80545000,28671401.80356670,0
1685250000000,27167.98000000,27190.81000000,27128.41000000,27164.75000000,1459.78402000,1685253599999,39639530.24338610,22368,924.80699000,25112265.64496210,0
1685253600000,27164.75000000,27228.91000000,27164.75000000,27184.90000000,1455.13251000,1685257199999,39579394.24307970,25577,789.76571000,21482266.28502280,0
1685257200000,27184.90000000,27229.15000000,27182.01000000,27226.37000000,863.34309000,1685260799999,23485911.03277410,19256,461.60555000,12557231.17837970,0
1685260800000,27226.38000000,27247.42000000,27178.36000000,27197.63000000,986.50776000,1685264399999,26837558.51983390,23020,486.05703000,13223005.32320980,0
1685264400000,27197.63000000,27198.99000000,27136.01000000,27156.68000000,703.64548000,1685267999999,19116545.02299950,18922,310.39638000,8432422.99325100,0
1685268000000,27156.69000000,27218.94000000,27147.19000000,27212.35000000,628.63901000,1685271599999,17086125.59499160,20407,334.00289000,9078465.90253530,0
1685271600000,27212.34000000,27344.23000000,27153.75000000,27153.76000000,1795.88389000,1685275199999,48924503.08771750,37781,936.26707000,25507750.42742350,0
1685275200000,27153.76000000,27187.37000000,27100.02000000,27142.48000000,1070.92681000,1685278799999,29071440.24778130,25866,546.71717000,14841421.99620800,0
1685278800000,27142.49000000,27226.46000000,27134.75000000,27181.31000000,928.51519000,1685282399999,25234198.72396090,22139,431.56369000,11727412.75762300,0
1685282400000,27181.31000000,27239.99000000,27168.09000000,27190.21000000,975.37554000,1685285999999,26531802.09450150,21632,494.24675000,13443867.50845710,0
1685286000000,27190.21000000,27280.00000000,27171.56000000,27272.17000000,1084.12486000,1685289599999,29526300.80874920,25760,585.71793000,15952359.65742710,0
1685289600000,27272.17000000,27344.00000000,27224.70000000,27252.27000000,1293.84044000,1685293199999,35290723.74675680,30601,728.75904000,19878419.67272060,0
1685293200000,27252.26000000,27424.44000000,27212.91000000,27351.59000000,1824.71681000,1685296799999,49869950.69139740,35260,1034.48169000,28271183.00925770,0
1685296800000,27351.59000000,27746.33000000,27314.49000000,27589.75000000,5361.54706000,1685300399999,147810328.82194300,92115,2871.84310000,79155857.78255250,0
1685300400000,27589.76000000,27630.36000000,27477.56000000,27525.99000000,1660.16644000,1685303999999,45776528.49454420,32133,743.37806000,20498763.24564410,0
1685304000000,27525.99000000,27593.84000000,27525.99000000,27554.48000000,835.87875000,1685307599999,23041040.78487510,21490,424.62695000,11704143.50557830,0
1685307600000,27554.47000000,27956.00000000,27548.68000000,27835.02000000,2628.63416000,1685311199999,72944913.47559950,53110,1429.48723000,39664206.12457370,0
1685311200000,27835.03000000,28175.00000000,27835.02000000,28090.39000000,5264.43925000,1685314799999,147757628.27496840,89401,2720.13837000,76331726.37318400,0
1685314800000,28090.39000000,28261.32000000,28050.69000000,28065.00000000,3250.56801000,1685318399999,91389816.27509400,51812,1720.76131000,48384166.17773360,0
1685318400000,28065.01000000,28447.14000000,28065.00000000,28192.53000000,5865.77291000,1685321999999,165819639.51887620,88101,3071.03271000,86810761.50643180,0
1685322000000,28192.52000000,28214.68000000,28133.71000000,28166.57000000,2156.43484000,1685325599999,60764758.45743710,33686,1173.92487000,33080883.42914690,0
1685325600000,28166.57000000,28179.00000000,28096.00000000,28096.01000000,1428.54515000,1685329199999,40192319.01741980,29552,599.80694000,16875945.06347000,0
1685329200000,28096.01000000,28134.25000000,27914.28000000,27954.99000000,2727.71419000,1685332799999,76526512.04820010,45031,1127.29129000,31629453.30581500,0
1685332800000,27954.99000000,28004.41000000,27854.00000000,27947.07000000,2298.30663000,1685336399999,64166929.12194870,40507,1068.63302000,29839484.41523720,0
1685336400000,27947.07000000,28047.01000000,27938.36000000,27990.72000000,1494.37831000,1685339999999,41830586.00876780,29990,722.21360000,20214863.69089630,0
1685340000000,27990.71000000,28037.28000000,27982.59000000,28002.49000000,1003.44480000,1685343599999,28102813.67977190,25813,437.18898000,12243901.67519060,0
1685343600000,28002.49000000,28002.55000000,27841.00000000,27907.87000000,1855.23496000,1685347199999,51768378.29240120,35888,864.88253000,24132647.64762760,0
1685347200000,27907.86000000,27945.00000000,27846.72000000,27900.61000000,1186.17515000,1685350799999,33101379.58860000,22564,495.17073000,13817800.73629010,0
1685350800000,27900.60000000,27944.77000000,27857.22000000,27939.95000000,907.58650000,1685354399999,25328298.03045210,20889,452.78830000,12636125.62768830,0
1685354400000,27939.96000000,27971.01000000,27745.78000000,27857.59000000,1871.39317000,1685357999999,52156091.43326000,35540,862.83276000,24041163.38096830,0
1685358000000,27857.60000000,27936.53000000,27842.93000000,27913.87000000,1062.90718000,1685361599999,29645589.12346610,23198,542.60590000,15132890.97642060,0
1685361600000,27913.87000000,27949.70000000,27862.92000000,27876.98000000,972.08024000,1685365199999,27117358.71077660,22344,429.52238000,11982052.63596680,0
1685365200000,27876.98000000,27944.13000000,27862.44000000,27903.12000000,1134.13561000,1685368799999,31644056.42451370,26330,530.91429000,14812326.57540730,0
1685368800000,27903.12000000,27932.53000000,27699.00000000,27787.77000000,2069.21576000,1685372399999,57575158.11291230,38787,901.26710000,25075677.84053030,0
1685372400000,27787.77000000,27841.94000000,27588.00000000,27630.51000000,3367.56031000,1685375999999,93244777.46968050,62076,1537.32238000,42567631.12546680,0
1685376000000,27630.50000000,27673.64000000,27545.53000000,27597.24000000,3363.29117000,1685379599999,92840577.78173450,52783,1448.25912000,39981797.21277580,0
1685379600000,27597.24000000,27737.99000000,27524.60000000,27689.14000000,2206.10680000,1685383199999,60968966.82934120,39363,1125.75222000,31117267.88872810,0
1685383200000,27689.14000000,27719.02000000,27612.36000000,27635.45000000,1185.41365000,1685386799999,32800280.19778490,23917,565.54205000,15647054.04818000,0
1685386800000,27635.46000000,27706.62000000,27621.51000000,27637.94000000,847.85027000,1685390399999,23457163.25054190,21345,459.34115000,12709139.68390630,0
1685390400000,27637.94000000,27697.70000000,27627.81000000,27682.77000000,620.80317000,1685393999999,17174531.81401680,18019,341.64791000,9451576.20548790,0
1685394000000,27682.78000000,27724.72000000,27650.00000000,27666.70000000,548.09133000,1685397599999,15173949.92818910,18263,278.47012000,7709532.42144130,0
1685397600000,27666.70000000,27693.33000000,27554.57000000,27689.22000000,1053.68751000,1685401199999,29103210.93065220,25370,577.08741000,15938570.29613170,0
1685401200000,27689.22000000,27818.00000000,27681.76000000,27736.40000000,1159.28984000,1685404799999,32175255.86392440,26223,586.35555000,16273536.26998910,0
1685404800000,27736.39000000,27768.15000000,27584.45000000,27709.55000000,1142.62432000,1685408399999,31636612.49998140,32492,505.31988000,13989648.05939070,0
1685408400000,27709.55000000,27795.55000000,27699.76000000,27766.03000000,805.67337000,1685411999999,22361712.78027730,21933,385.21148000,10691093.58673700,0
1685412000000,27766.03000000,27795.39000000,27722.74000000,27783.43000000,678.01949000,1685415599999,18819114.64536620,16040,325.75285000,9041825.14214560,0
1685415600000,27783.43000000,27940.55000000,27773.69000000,27829.23000000,1430.88893000,1685419199999,39846561.35633560,30252,705.64608000,19650789.74831920,0
1685419200000,27829.23000000,27848.09000000,27760.38000000,27776.19000000,733.62881000,1685422799999,20394750.58081170,18612,307.10669000,8537484.92038470,0
1685422800000,27776.18000000,27776.19000000,27672.93000000,27753.38000000,969.42806000,1685426399999,26877453.79379860,23716,414.46903000,11490851.58473080,0
1685426400000,27753.38000000,27821.86000000,27752.88000000,27795.81000000,835.43097000,1685429999999,23210837.42184680,21148,412.45792000,11458753.64864100,0
1685430000000,27795.82000000,27848.28000000,27729.10000000,27733.22000000,1013.19295000,1685433599999,28152123.19150440,26124,381.20403000,10592688.61351160,0
1685433600000,27733.22000000,27817.81000000,27712.19000000,27781.78000000,1052.95799000,1685437199999,29252580.27083330,22632,536.30343000,14897580.19662110,0
1685437200000,27781.77000000,27893.00000000,27781.77000000,27852.33000000,1019.62795000,1685440799999,28391795.28744560,26211,459.70393000,12799349.92837300,0
1685440800000,27852.34000000,28037.22000000,27852.33000000,27900.18000000,2404.59354000,1685444399999,67236200.22039300,45216,1257.84289000,35167382.44724600,0
1685444400000,27900.18000000,28038.59000000,27856.85000000,28021.40000000,1991.33792000,1685447999999,55677397.68868180,39223,973.68559000,27225744.62517190,0
1685448000000,28021.39000000,28027.78000000,27794.73000000,27903.51000000,2403.11474000,1685451599999,67077608.01209600,48785,968.26806000,27022059.71605800,0
1685451600000,27903.52000000,27969.65000000,27755.01000000,27800.01000000,2335.85353000,1685455199999,65146673.01234340,49368,1036.77227000,28917254.64867280,0
1685455200000,27800.02000000,27865.00000000,27621.00000000,27622.65000000,2909.60156000,1685458799999,80741378.25624740,55019,1290.18515000,35807093.21046450,0
1685458800000,27622.65000000,27738.01000000,27615.00000000,27673.08000000,1775.51775000,1685462399999,49150554.56587160,40391,883.80259000,24466446.22944420,0
1685462400000,27673.08000000,27743.48000000,27554.00000000,27713.43000000,1956.96687000,1685465999999,54138554.05165930,45553,891.82295000,24671421.83475550,0
1685466000000,27713.43000000,27776.15000000,27625.14000000,27696.12000000,1545.38259000,1685469599999,42810126.14421110,34049,779.25062000,21589254.58303610,0
1685469600000,27696.12000000,27799.00000000,27664.32000000,27765.84000000,1204.83819000,1685473199999,33420620.66360800,29985,580.54238000,16101715.77634250,0
1685473200000,27765.84000000,27862.84000000,27750.80000000,27850.20000000,1102.54064000,1685476799999,30653080.08864120,31733,533.73407000,14838557.92279320,0
1685476800000,27850.21000000,27855.13000000,27751.51000000,27762.51000000,867.54354000,1685480399999,24123665.84826370,22803,379.71139000,10557519.36779130,0
1685480400000,27762.52000000,27842.00000000,27655.14000000,27719.37000000,872.55040000,1685483999999,24222818.14390360,25732,405.28832000,11248866.84533250,0
1685484000000,27719.38000000,27758.91000000,27651.17000000,27738.52000000,856.88406000,1685487599999,23740298.98686690,21668,437.53671000,12119750.71792170,0
1685487600000,27738.52000000,27742.96000000,27673.44000000,27694.40000000,778.55554000,1685491199999,21571388.49628630,16948,344.90607000,9555481.49868760,0
1685491200000,27694.39000000,27757.42000000,27657.99000000,27754.78000000,653.06905000,1685494799999,18091282.81611950,20787,345.08234000,9558677.31799240,0
1685494800000,27754.79000000,27835.51000000,27738.67000000,27742.09000000,1115.07427000,1685498399999,30976501.29337450,23033,518.26060000,14397227.40549690,0
1685498400000,27742.09000000,27742.09000000,27571.04000000,27673.47000000,1957.15814000,1685501999999,54119759.47074610,35950,785.15074000,21710844.13580560,0
1685502000000,27673.47000000,27690.44000000,27600.00000000,27657.30000000,864.36479000,1685505599999,23904915.16191700,19074,368.19282000,10182570.10700670,0
1685505600000,27657.29000000,27677.67000000,27250.88000000,27257.70000000,4851.38937000,1685509199999,133042776.19587440,73847,1837.17724000,50339366.60272050,0
1685509200000,27257.70000000,27282.58000000,27021.00000000,27088.15000000,5956.78206000,1685512799999,161715106.30123240,92516,2873.96221000,78014184.85159280,0
1685512800000,27088.16000000,27188.97000000,26968.49000000,27163.37000000,2753.03347000,1685516399999,74594329.06551680,54071,1468.79800000,39801588.24894530,0
1685516400000,27163.36000000,27206.35000000,27117.71000000,27167.90000000,1291.59774000,1685519999999,35083056.98537670,27638,636.73267000,17294861.72289050,0
1685520000000,27167.91000000,27203.73000000,27107.62000000,27136.93000000,1843.63071000,1685523599999,50055041.11193320,31823,834.69448000,22661885.01197330,0
1685523600000,27136.92000000,27157.58000000,27044.86000000,27133.28000000,1840.55232000,1685527199999,49897320.58007820,32988,781.84690000,21194694.51252400,0
1685527200000,27133.27000000,27142.76000000,27046.20000000,27056.53000000,1368.46166000,1685530799999,37071276.23107390,26738,582.70454000,15784562.31189670,0
1685530800000,27056.52000000,27130.00000000,26994.33000000,27097.18000000,1999.06572000,1685534399999,54107986.12249400,35176,1058.90593000,28662654.18286040,0
1685534400000,27097.18000000,27119.00000000,27043.92000000,27072.34000000,1378.73155000,1685537999999,37350433.88270770,30382,641.41878000,17376408.60729200,0
1685538000000,27072.34000000,27231.34000000,27060.00000000,27117.11000000,1938.22341000,1685541599999,52635896.64441840,40674,1071.43088000,29093561.30965230,0
1685541600000,27117.10000000,27119.24000000,26851.00000000,27033.86000000,5162.13378000,1685545199999,139214183.55775250,87863,2416.75922000,65176224.61439140,0
1685545200000,27033.87000000,27064.03000000,26880.58000000,26911.54000000,2045.34009000,1685548799999,55134510.99245910,41969,1039.71894000,28027736.12862390,0
1685548800000,26911.55000000,26979.04000000,26839.01000000,26936.01000000,1810.52658000,1685552399999,48751685.89445420,37389,857.96281000,23105875.71503230,0
1685552400000,26936.00000000,27084.51000000,26916.35000000,27055.40000000,1785.13173000,1685555999999,48196471.54689560,38809,1004.15455000,27106909.91601250,0
1685556000000,27055.39000000,27093.32000000,27020.10000000,27037.06000000,947.99679000,1685559599999,25647108.66849560,28023,457.00107000,12363089.48432300,0
1685559600000,27037.06000000,27123.43000000,27000.20000000,27010.57000000,1064.24189000,1685563199999,28798187.80724350,28990,482.38594000,13053421.44254720,0
1685563200000,27010.57000000,27116.13000000,27005.16000000,27114.20000000,835.43916000,1685566799999,22621381.02829650,22409,440.84291000,11937033.71566250,0
1685566800000,27114.19000000,27119.77000000,27045.61000000,27090.79000000,644.01902000,1685570399999,17443757.48616170,19452,254.03940000,6879695.11096470,0
1685570400000,27090.78000000,27193.24000000,27084.92000000,27183.98000000,999.11868000,1685573999999,27116019.93315580,26045,517.76569000,14052072.63081160,0
1685574000000,27183.97000000,27299.99000000,27159.63000000,27210.35000000,1483.72375000,1685577599999,40383190.00209110,32891,687.67958000,18718578.35224550,0
1685577600000,27210.36000000,27350.00000000,27023.35000000,27065.77000000,2772.82443000,1685581199999,75417107.85481160,57885,1305.01325000,35498542.09453870,0
1685581200000,27065.76000000,27165.47000000,27059.74000000,27078.56000000,1785.47203000,1685584799999,48424380.74211310,30859,759.76611000,20604420.40711490,0
1685584800000,27078.56000000,27114.16000000,26640.00000000,26719.26000000,3775.37874000,1685588399999,101281551.48423690,66445,1552.43981000,41615427.88788020,0
1685588400000,26719.26000000,26838.89000000,26605.05000000,26779.94000000,2879.51275000,1685591999999,77009049.87472110,52426,1344.59095000,35960423.29139370,0
1685592000000,26779.93000000,26822.81000000,26746.00000000,26804.15000000,1223.77081000,1685595599999,32779396.18381660,24654,682.18120000,18272706.72568510,0
1685595600000,26804.14000000,26863.62000000,26784.89000000,26849.20000000,786.73960000,1685599199999,21108519.83338920,19989,388.38710000,10421133.95475420,0
1685599200000,26849.20000000,26883.60000000,26778.08000000,26785.13000000,1305.19049000,1685602799999,35030213.67297140,24871,569.70565000,15291685.73341930,0
1685602800000,26785.14000000,26864.09000000,26764.16000000,26802.67000000,1298.07343000,1685606399999,34799915.75864920,29638,705.29855000,18906796.36307540,0
1685606400000,26802.66000000,26922.76000000,26790.96000000,26912.53000000,1139.43470000,1685609999999,30590443.74055280,25230,646.77523000,17363544.90202140,0
1685610000000,26912.54000000,26951.07000000,26899.54000000,26908.63000000,1023.37411000,1685613599999,27554104.87715540,24347,544.75828000,14667711.56917500,0
1685613600000,26908.63000000,26934.83000000,26858.33000000,26860.00000000,894.72110000,1685617199999,24055740.44924620,23652,347.94874000,9354999.92574310,0
1685617200000,26860.00000000,26905.02000000,26841.65000000,26892.96000000,1218.03791000,1685620799999,32725529.16464030,23138,606.31296000,16289899.66546760,0
1685620800000,26892.95000000,26964.88000000,26782.53000000,26941.79000000,1939.00748000,1685624399999,52127729.83406380,35360,1004.78922000,27017244.63928410,0
1685624400000,26941.80000000,26971.07000000,26867.95000000,26891.74000000,1377.22419000,1685627999999,37066822.20206130,28475,668.62377000,17996762.48232650,0
1685628000000,26891.74000000,26981.34000000,26833.01000000,26898.08000000,2050.06214000,1685631599999,55131490.14196200,38047,1009.41846000,27146142.54181000,0
1685631600000,26898.07000000,26947.24000000,26860.01000000,26894.48000000,1115.38165000,1685635199999,30009983.87480210,28230,547.22046000,14724159.20474400,0
1685635200000,26894.47000000,27175.00000000,26795.06000000,27092.08000000,3182.53568000,1685638799999,85843722.17356480,57298,1601.03543000,43201254.15172540,0
1685638800000,27092.07000000,27137.42000000,26916.29000000,26956.94000000,2445.80688000,1685642399999,66042465.35382590,55202,1182.53377000,31931005.44850190,0
1685642400000,26956.93000000,27048.43000000,26938.06000000,26964.77000000,907.67826000,1685645999999,24497411.03133200,24859,441.19924000,11907851.90853320,0
1685646000000,26964.76000000,26984.68000000,26656.00000000,26862.68000000,2438.22631000,1685649599999,65347467.69385920,53786,1105.41207000,29621430.40217310,0
1685649600000,26862.68000000,26919.99000000,26828.82000000,26863.00000000,875.88118000,1685653199999,23531399.76511690,23198,411.52963000,11056470.43434170,0
1685653200000,26862.99000000,26942.98000000,26855.77000000,26889.84000000,837.24211000,1685656799999,22530151.45076200,21097,336.60807000,9058425.34271680,0
1685656800000,26889.85000000,26902.43000000,26849.43000000,26880.97000000,751.81829000,1685660399999,20205157.97737040,17826,318.42324000,8557409.76835800,0
1685660400000,26880.97000000,26883.51000000,26713.34000000,26817.93000000,1194.41453000,1685663999999,32022754.73081000,27877,540.72042000,14495109.07799960,0
1685664000000,26817.93000000,26824.64000000,26505.00000000,26786.03000000,3258.76190000,1685667599999,86965474.55695710,65278,1560.36714000,41640397.16243640,0
1685667600000,26786.04000000,26849.09000000,26716.80000000,26811.90000000,1616.17119000,1685671199999,43291891.43530630,31962,775.30035000,20771423.26238660,0
1685671200000,26811.89000000,26984.26000000,26811.89000000,26960.01000000,1391.57953000,1685674799999,37462580.13651720,32518,746.14838000,20085561.68474320,0
1685674800000,26960.01000000,27017.00000000,26932.16000000,27000.00000000,749.52898000,1685678399999,20206733.40614540,19606,386.54664000,10421308.69251300,0
1685678400000,27000.01000000,27120.00000000,26949.40000000,27068.27000000,1679.75278000,1685681999999,45416418.51484160,36702,926.59610000,25051057.38697580,0
1685682000000,27068.27000000,27213.00000000,27064.96000000,27152.60000000,2395.14389000,1685685599999,65020943.61291910,41616,1306.00112000,35456626.03272240,0
1685685600000,27152.60000000,27164.94000000,27068.00000000,27071.06000000,1558.53392000,1685689199999,42276061.50396580,31489,664.60108000,18028588.00518510,0
1685689200000,27071.05000000,27114.16000000,27045.80000000,27049.65000000,1223.21395000,1685692799999,33122851.47586810,25270,510.65885000,13827301.14487540,0
1685692800000,27049.65000000,27172.39000000,27049.38000000,27166.14000000,984.41797000,1685696399999,26689078.51596320,23933,510.72496000,13844353.47113430,0
1685696400000,27166.13000000,27183.07000000,27068.47000000,27080.68000000,1108.38127000,1685699999999,30068222.54814530,25313,500.56179000,13579312.91014830,0
1685700000000,27080.68000000,27104.20000000,27061.60000000,27096.99000000,603.14207000,1685703599999,16336025.61880750,18357,292.89826000,7933612.40387830,0
1685703600000,27096.98000000,27171.46000000,27072.55000000,27130.75000000,881.16869000,1685707199999,23892366.61113860,24614,395.48969000,10723393.09478700,0
1685707200000,27130.75000000,27240.00000000,26987.00000000,27095.42000000,3559.44337000,1685710799999,96513305.82269500,71279,1754.39929000,47574354.60545940,0
1685710800000,27095.43000000,27134.40000000,26860.71000000,26908.84000000,2607.33789000,1685714399999,70400300.53232710,56866,1122.63383000,30315641.39040160,0
1685714400000,26908.85000000,26986.08000000,26890.00000000,26964.74000000,1685.83953000,1685717999999,45418203.74893380,39244,905.23901000,24388749.83567840,0
1685718000000,26964.75000000,27107.34000000,26962.99000000,27095.92000000,1248.06997000,1685721599999,33726572.06126680,32129,664.48891000,17956619.39968540,0
1685721600000,27095.93000000,27120.02000000,27032.93000000,27056.06000000,1402.81796000,1685725199999,37973278.42950100,32265,691.10548000,18707194.32920310,0
1685725200000,27056.06000000,27093.82000000,27023.58000000,27057.58000000,952.23822000,1685728799999,25770737.07463590,24896,406.38239000,10997824.70705890,0
1685728800000,27057.57000000,27193.62000000,27006.22000000,27192.60000000,1502.23473000,1685732399999,40700833.57302660,39661,822.15579000,22277014.06120960,0
1685732400000,27192.61000000,27287.64000000,27131.02000000,27239.02000000,2437.06595000,1685735999999,66331854.69159390,46498,1322.42934000,35989945.87338560,0
1685736000000,27239.03000000,27274.10000000,27172.84000000,27172.84000000,1339.76508000,1685739599999,36471072.27355470,31193,725.55318000,19753476.63283230,0
1685739600000,27172.84000000,27246.11000000,27143.37000000,27207.40000000,868.89438000,1685743199999,23626573.69887650,23515,434.52325000,11815126.42577860,0
1685743200000,27207.41000000,27300.00000000,27199.00000000,27262.92000000,855.95607000,1685746799999,23328185.29153570,22696,491.92265000,13406828.60233870,0
1685746800000,27262.91000000,27269.22000000,27229.90000000,27242.59000000,471.44340000,1685750399999,12847496.50631970,14187,217.94990000,5939480.67325020,0
1685750400000,27242.59000000,27242.60000000,27152.20000000,27165.09000000,678.25975000,1685753999999,18446077.45025360,20535,326.82333000,8888719.20373040,0
1685754000000,27165.08000000,27189.40000000,27092.00000000,27130.40000000,1101.74244000,1685757599999,29908988.01539220,23775,499.39272000,13557593.77046740,0
1685757600000,27130.41000000,27169.26000000,27129.17000000,27153.26000000,612.83696000,1685761199999,16634031.53124720,13574,332.34676000,9020715.97444080,0
1685761200000,27153.26000000,27171.47000000,27131.89000000,27143.20000000,323.04687000,1685764799999,8771538.66486410,10519,131.31694000,3565515.72757310,0
1685764800000,27143.20000000,27163.77000000,27105.73000000,27160.24000000,420.01096000,1685768399999,11394759.98994010,13608,172.67898000,4684916.79745860,0
1685768400000,27160.24000000,27168.40000000,27137.34000000,27157.20000000,370.29837000,1685771999999,10055313.07012260,12336,165.78027000,4501643.97802350,0
1685772000000,27157.20000000,27212.78000000,27157.20000000,27182.35000000,551.27991000,1685775599999,14987734.68988810,19946,278.93905000,7582636.55858810,0
1685775600000,27182.35000000,27200.01000000,27165.23000000,27174.42000000,480.87524000,1685779199999,13072441.63935500,20041,214.90273000,5842196.86293070,0
1685779200000,27174.42000000,27181.00000000,27141.94000000,27146.62000000,394.76994000,1685782799999,10724157.44502820,15551,143.60836000,3901082.17264480,0
1685782800000,27146.62000000,27151.52000000,27129.41000000,27151.51000000,379.06522000,1685786399999,10288932.93816120,14144,170.70012000,4633238.10617110,0
1685786400000,27151.51000000,27180.03000000,27112.73000000,27140.00000000,736.47675000,1685789999999,19993776.06004780,18858,310.93734000,8441013.00857650,0
1685790000000,27139.99000000,27171.48000000,27123.74000000,27129.79000000,510.67532000,1685793599999,13863198.11452940,14665,226.43284000,6146871.94824580,0
1685793600000,27129.78000000,27173.73000000,27129.78000000,27165.81000000,479.78328000,1685797199999,13027827.97403030,15020,272.79079000,7406056.31614780,0
1685797200000,27165.81000000,27183.99000000,27149.88000000,27166.98000000,520.87423000,1685800799999,14148336.25103370,18931,254.06873000,6901012.63933440,0
1685800800000,27166.97000000,27193.62000000,27166.97000000,27171.24000000,439.74420000,1685804399999,11952798.84985610,16979,209.58908000,5696715.77769950,0
1685804400000,27171.25000000,27333.29000000,27126.85000000,27305.26000000,1647.91895000,1685807999999,44878246.59167420,36545,928.93360000,25301429.69736150,0
1685808000000,27305.27000000,27318.63000000,27227.19000000,27248.48000000,1156.43612000,1685811599999,31541798.55705940,27243,569.83663000,15542781.74294040,0
1685811600000,27248.49000000,27253.57000000,27111.79000000,27160.90000000,1185.19741000,1685815199999,32217594.76190660,29332,482.86989000,13123089.92674800,0
1685815200000,27160.91000000,27183.09000000,27125.34000000,27147.43000000,634.17095000,1685818799999,17221074.66796940,18600,260.03945000,7061205.73231070,0
1685818800000,27147.44000000,27163.13000000,27025.59000000,27096.36000000,1111.95350000,1685822399999,30138268.17290340,26681,507.70285000,13759546.33560040,0
1685822400000,27096.37000000,27124.68000000,27054.41000000,27062.33000000,698.85558000,1685825999999,18934715.28844080,20874,301.74189000,8175297.05289300,0
1685826000000,27062.34000000,27074.66000000,26914.93000000,27004.41000000,1401.33078000,1685829599999,37828475.99112680,31302,612.16702000,16523657.53387720,0
1685829600000,27004.41000000,27079.79000000,27004.40000000,27071.55000000,431.07884000,1685833199999,11661400.91010840,16318,227.65656000,6158133.62681470,0
1685833200000,27071.55000000,27085.51000000,27050.38000000,27069.22000000,328.65960000,1685836799999,8897184.84546950,11143,144.53087000,3912569.07050410,0
1685836800000,27069.22000000,27069.23000000,27001.59000000,27005.13000000,492.52090000,1685840399999,13321200.64183130,17551,190.78193000,5159852.90144190,0
1685840400000,27005.13000000,27079.79000000,26951.00000000,27041.03000000,704.48666000,1685843999999,19045168.82276960,19264,316.92171000,8566670.04989030,0
1685844000000,27041.04000000,27100.43000000,27034.13000000,27091.27000000,448.49261000,1685847599999,12138181.91380220,14594,228.41827000,6181491.54966580,0
1685847600000,27091.28000000,27091.28000000,27042.85000000,27061.38000000,372.13858000,1685851199999,10070865.99702490,11528,160.56942000,4345067.20681290,0
1685851200000,27061.37000000,27083.56000000,27042.37000000,27054.95000000,377.40749000,1685854799999,10213425.21817720,10266,189.83561000,5137154.28861600,0
1685854800000,27054.95000000,27056.47000000,27027.00000000,27038.63000000,250.41259000,1685858399999,6771377.13409560,10132,107.25008000,2900209.78208040,0
1685858400000,27038.62000000,27141.70000000,27038.62000000,27127.78000000,892.17539000,1685861999999,24176151.46390420,21432,538.92583000,14602460.81455590,0
1685862000000,27127.78000000,27163.94000000,27127.78000000,27150.45000000,938.24329000,1685865599999,25468668.60884410,22381,384.27088000,10430819.67232210,0
1685865600000,27150.46000000,27158.12000000,27123.81000000,27150.82000000,458.66225000,1685869199999,12449999.81871410,16158,214.83024000,5831166.72427090,0
1685869200000,27150.81000000,27249.86000000,27150.81000000,27215.89000000,806.34780000,1685872799999,21933529.43088550,23510,439.32881000,11949893.48092820,0
1685872800000,27215.88000000,27230.17000000,27190.34000000,27221.05000000,532.53164000,1685876399999,14491474.71297040,16757,276.98472000,7537182.40679940,0
1685876400000,27221.06000000,27235.67000000,27175.51000000,27198.55000000,939.50915000,1685879999999,25563013.90707210,19709,390.83326000,10634114.54975050,0
1685880000000,27198.54000000,27216.58000000,27160.11000000,27210.10000000,736.78595000,1685883599999,20035534.68352610,17920,389.07403000,10579920.52659890,0
1685883600000,27210.10000000,27298.00000000,27206.36000000,27245.46000000,963.22786000,1685887199999,26245705.37361180,23568,536.16161000,14607680.75520320,0
1685887200000,27245.47000000,27271.05000000,27170.00000000,27234.20000000,1120.61661000,1685890799999,30506328.45347410,29720,579.30550000,15770040.83032810,0
1685890800000,27234.20000000,27244.58000000,27178.99000000,27179.00000000,627.04149000,1685894399999,17060786.07808080,20424,296.51694000,8068056.27940230,0
1685894400000,27179.00000000,27197.98000000,27155.00000000,27170.66000000,709.24706000,1685897999999,19276848.86666480,19646,350.50772000,9526128.94040330,0
1685898000000,27170.66000000,27210.41000000,27168.05000000,27176.76000000,429.63017000,1685901599999,11682391.02411690,15871,194.66474000,5293061.09622150,0
1685901600000,27176.75000000,27209.03000000,27176.75000000,27194.18000000,488.86549000,1685905199999,13293683.07943170,16171,263.06280000,7153051.87843910,0
1685905200000,27194.19000000,27222.00000000,27188.49000000,27213.11000000,358.87616000,1685908799999,9763687.46564850,13900,182.90689000,4976363.66024270,0
1685908800000,27213.11000000,27269.09000000,27205.84000000,27241.51000000,546.99091000,1685912399999,14899573.76194490,18817,267.64277000,7290125.76801070,0
1685912400000,27241.50000000,27280.00000000,27187.39000000,27194.57000000,630.62225000,1685915999999,17172552.22465780,17680,289.82082000,7892889.80226500,0
1685916000000,27194.57000000,27455.02000000,27188.27000000,27234.06000000,3633.43419000,1685919599999,99242158.18736540,64705,1922.44235000,52506065.04144270,0
1685919600000,27234.06000000,27319.84000000,27043.65000000,27115.21000000,1800.14400000,1685923199999,48924930.57035560,42770,800.66739000,21760378.47018850,0
1685923200000,27115.20000000,27129.33000000,26966.00000000,27024.76000000,1770.73298000,1685926799999,47908827.58300920,47349,783.54654000,21199486.13739200,0
1685926800000,27024.75000000,27054.97000000,26948.10000000,27047.14000000,1087.24287000,1685930399999,29371300.19908570,25752,556.97158000,15046798.24908140,0
1685930400000,27047.14000000,27079.05000000,26859.00000000,26922.71000000,1366.64750000,1685933999999,36871391.98577900,33810,610.94346000,16482372.50160270,0
1685934000000,26922.72000000,26924.81000000,26791.04000000,26843.58000000,2225.14224000,1685937599999,59769260.45469320,50124,1002.26166000,26923493.95966290,0
1685937600000,26843.57000000,26870.54000000,26769.51000000,26837.00000000,1119.14678000,1685941199999,30024726.74458240,28183,490.29597000,13154555.80709610,0
1685941200000,26837.00000000,26837.91000000,26740.38000000,26816.70000000,1838.23930000,1685944799999,49259827.06722370,40408,682.02909000,18276671.45824220,0
1685944800000,26816.70000000,26834.63000000,26761.26000000,26765.34000000,1222.38539000,1685948399999,32754842.45447700,30155,534.60873000,14325225.41190220,0
1685948400000,26765.33000000,26832.38000000,26742.13000000,26829.99000000,1242.36100000,1685951999999,33289050.51356180,32878,450.19476000,12066356.70781380,0
1685952000000,26830.00000000,26840.77000000,26794.79000000,26798.64000000,837.57029000,1685955599999,22464302.85947530,21877,388.59798000,10422929.75872520,0
1685955600000,26798.63000000,26825.09000000,26713.74000000,26776.99000000,1324.97756000,1685959199999,35481832.57494560,30141,559.00685000,14969751.88814870,0
1685959200000,26777.00000000,26792.70000000,26714.00000000,26716.80000000,1350.86586000,1685962799999,36140923.24894610,29175,658.97072000,17631277.04926090,0
1685962800000,26716.80000000,26799.66000000,26668.00000000,26773.39000000,1210.05222000,1685966399999,32371394.24977970,32235,523.31142000,13999639.64178850,0
1685966400000,26773.39000000,26782.63000000,26654.39000000,26690.76000000,1525.13085000,1685969999999,40752256.75923360,34929,581.90030000,15545525.74521530,0
1685970000000,26690.76000000,26765.30000000,26640.00000000,26728.64000000,1517.52610000,1685973599999,40540307.06452540,41430,678.13024000,18118301.66750700,0
1685973600000,26728.63000000,26817.61000000,26699.99000000,26802.21000000,1631.85739000,1685977199999,43689955.28278930,39657,789.51966000,21139675.27104210,0
1685977200000,26802.21000000,26809.59000000,26000.00000000,26007.53000000,10045.19226000,1685980799999,265567867.80120660,196623,4434.68554000,117274724.53665760,0
1685980800000,26007.53000000,26074.51000000,25471.00000000,25809.05000000,15303.29987000,1685984399999,394464248.91850570,299132,7271.89839000,187486880.92826950,0
1685984400000,25809.05000000,25809.70000000,25578.96000000,25756.28000000,4108.63810000,1685987999999,105613466.25765240,78822,2204.99452000,56677663.04534880,0
1685988000000,25756.27000000,25756.28000000,25526.15000000,25564.43000000,3580.96488000,1685991599999,91836650.95711910,64886,1693.48230000,43427360.92215860,0
1685991600000,25564.42000000,25637.82000000,25388.00000000,25629.99000000,4463.15529000,1685995199999,113869942.18408320,87195,2219.07558000,56626859.24635620,0
1685995200000,25630.00000000,25680.01000000,25587.47000000,25631.16000000,1859.43545000,1685998799999,47657024.29413000,47542,926.52133000,23745877.07513560,0
1685998800000,25631.15000000,25685.84000000,25509.98000000,25658.35000000,1572.51351000,1686002399999,40222409.95734130,43590,788.60165000,20171812.87861210,0
1686002400000,25658.35000000,25774.90000000,25647.29000000,25710.73000000,1838.09220000,1686005999999,47253520.17753240,42397,818.05792000,21029437.95691040,0
1686006000000,25710.74000000,25858.42000000,25701.42000000,25728.20000000,1764.43316000,1686009599999,45490468.50235250,42539,935.74519000,24124796.36866000,0
1686009600000,25728.20000000,25756.34000000,25675.26000000,25690.89000000,1829.55213000,1686013199999,47054000.28965440,39710,852.82581000,21930804.67616330,0
1686013200000,25690.89000000,25695.59000000,25611.90000000,25640.01000000,1515.07302000,1686016799999,38860854.90758470,33765,880.21997000,22577231.74142510,0
1686016800000,25640.02000000,25801.09000000,25601.00000000,25764.76000000,1638.10867000,1686020399999,42116861.65271570,34580,832.94233000,21414234.91380260,0
1686020400000,25764.76000000,25764.76000000,25712.02000000,25730.83000000,754.55594000,1686023999999,19421028.53063000,20982,354.94980000,9135238.12600080,0
1686024000000,25730.83000000,25806.60000000,25726.11000000,25797.65000000,679.57161000,1686027599999,17511298.17305330,22638,376.91721000,9713562.48014870,0
1686027600000,25797.66000000,25821.41000000,25758.00000000,25769.95000000,942.45063000,1686031199999,24297023.28256220,23518,420.14300000,10831596.11789960,0
1686031200000,25769.96000000,25807.63000000,25752.60000000,25766.21000000,1146.56549000,1686034799999,29547898.25033330,32312,557.66059000,14371321.07269830,0
1686034800000,25766.21000000,25809.90000000,25706.18000000,25722.33000000,1793.86272000,1686038399999,46224235.73698190,39367,886.10933000,22833463.96764080,0
1686038400000,25722.34000000,25746.03000000,25670.90000000,25707.80000000,1185.04880000,1686041999999,30464171.84270700,32771,526.34677000,13530943.22783950,0
1686042000000,25707.80000000,25789.71000000,25691.72000000,25750.76000000,791.97455000,1686045599999,20380639.38772820,25301,394.37303000,10147582.73500650,0
1686045600000,25750.75000000,25797.00000000,25741.99000000,25742.36000000,861.22598000,1686049199999,22193960.84530080,27158,386.06509000,9949639.98873830,0
1686049200000,25742.36000000,25749.17000000,25640.33000000,25686.64000000,1867.16747000,1686052799999,47973368.36801330,40222,838.81591000,21550365.10330400,0
1686052800000,25686.64000000,25737.23000000,25351.02000000,25533.41000000,5378.21189000,1686056399999,137414671.69801220,103447,2545.02277000,65025423.56680960,0
1686056400000,25533.41000000,25784.31000000,25385.80000000,25735.20000000,4315.54458000,1686059999999,110356184.21944630,83339,2193.79974000,56111950.56632730,0
1686060000000,25735.20000000,26111.15000000,25735.20000000,26024.73000000,6006.62536000,1686063599999,155926553.68712350,115709,3169.84481000,82278887.60528660,0
1686063600000,26024.72000000,26143.69000000,25925.85000000,26066.11000000,2880.24787000,1686067199999,74924353.78372720,62755,1360.10449000,35384043.81661950,0
1686067200000,26066.12000000,26401.00000000,26066.11000000,26369.99000000,3915.54382000,1686070799999,102655694.97030150,73735,2113.05722000,55408779.74072380,0
1686070800000,26370.00000000,26780.00000000,26290.56000000,26669.16000000,8776.34470000,1686074399999,233115471.53525460,135945,5041.08412000,133853171.92248980,0
1686074400000,26669.16000000,26782.52000000,26637.64000000,26698.08000000,2926.69288000,1686077999999,78170426.62702690,52590,1399.81030000,37389579.16678620,0
1686078000000,26698.08000000,27216.89000000,26690.93000000,27080.13000000,6336.18815000,1686081599999,170833667.06866200,104285,3408.48655000,91883824.90217900,0
1686081600000,27080.12000000,27222.00000000,26857.92000000,26944.98000000,5242.13695000,1686085199999,141681210.21615920,94525,2348.15346000,63482716.56090730,0
1686085200000,26944.99000000,27092.82000000,26938.06000000,27057.03000000,2014.79907000,1686088799999,54431461.87831900,47340,1045.52643000,28246193.79203420,0
1686088800000,27057.03000000,27188.46000000,27044.34000000,27152.65000000,1842.84082000,1686092399999,49945945.79480110,36436,1033.99211000,28026490.47626470,0
1686092400000,27152.66000000,27355.33000000,27120.02000000,27230.08000000,3752.27128000,1686095999999,102135041.33511430,63295,2117.53706000,57639187.94291590,0
1686096000000,27230.07000000,27391.77000000,27163.06000000,27179.80000000,2992.02834000,1686099599999,81514685.09590960,62253,1383.38084000,37692593.71916290,0
1686099600000,27179.80000000,27222.14000000,27065.89000000,27085.83000000,2618.44012000,1686103199999,71017119.30664840,54792,1352.13618000,36670489.16865360,0
1686103200000,27085.82000000,27093.95000000,26912.69000000,26943.69000000,2657.89391000,1686106799999,71747228.56947610,54290,1283.60954000,34649063.30089280,0
1686106800000,26943.68000000,26967.88000000,26720.47000000,26909.01000000,3105.70144000,1686110399999,83385374.76663020,61582,1449.34220000,38921860.53027390,0
1686110400000,26909.01000000,26965.00000000,26874.76000000,26933.12000000,1266.22184000,1686113999999,34084253.15248570,27095,631.94718000,17010525.40431400,0
1686114000000,26933.11000000,26980.04000000,26871.71000000,26912.99000000,1028.78255000,1686117599999,27695934.88936210,24546,462.16169000,12441959.47448030,0
1686117600000,26912.99000000,26943.90000000,26814.71000000,26829.30000000,1276.59358000,1686121199999,34315591.07728490,36897,572.85334000,15397334.43997730,0
1686121200000,26829.30000000,26899.99000000,26753.01000000,26795.87000000,1823.54312000,1686124799999,48913202.35070740,48194,882.92111000,23683078.71881330,0
1686124800000,26795.87000000,26840.90000000,26761.41000000,26816.47000000,1198.72003000,1686128399999,32133054.06982620,27663,546.28604000,14643879.15538420,0
1686128400000,26816.47000000,26816.47000000,26428.58000000,26486.28000000,3819.66805000,1686131999999,101735266.88280010,69820,1407.41824000,37492290.54746370,0
1686132000000,26486.28000000,26629.99000000,26352.00000000,26595.74000000,3987.08298000,1686135599999,105618138.35094470,74575,1830.20868000,48502228.03934740,0
1686135600000,26595.73000000,26968.00000000,26579.60000000,26896.14000000,3293.93935000,1686139199999,88239393.33868800,68371,1888.68932000,50582770.45103060,0
1686139200000,26896.14000000,26932.10000000,26743.02000000,26802.35000000,2251.66556000,1686142799999,60398290.21918140,48378,1119.69943000,30036328.55276250,0
1686142800000,26802.35000000,26864.26000000,26670.94000000,26818.62000000,2295.14329000,1686146399999,61427642.55121080,55433,1046.29679000,28003132.84275170,0
1686146400000,26818.63000000,26818.63000000,26340.55000000,26443.57000000,5906.95885000,1686149999999,156731919.96563320,109362,2685.47740000,71232210.59613930,0
1686150000000,26443.56000000,26679.03000000,26236.00000000,26349.52000000,5675.34980000,1686153599999,150017853.13386770,111011,2789.26119000,73740950.75714630,0
1686153600000,26349.52000000,26439.34000000,26240.47000000,26329.16000000,3138.06466000,1686157199999,82701418.60270330,80621,1489.50413000,39260451.43476650,0
1686157200000,26329.15000000,26553.78000000,26272.63000000,26507.04000000,2310.94402000,1686160799999,61065677.48025390,62219,1154.26061000,30501957.51029400,0
1686160800000,26507.05000000,26530.08000000,26441.56000000,26472.94000000,1192.52054000,1686164399999,31583551.28458760,33511,537.52137000,14236722.29301200,0
1686164400000,26472.95000000,26531.05000000,26442.37000000,26482.42000000,1028.30470000,1686167999999,27234493.59586090,31368,501.85697000,13292177.37030940,0
1686168000000,26482.43000000,26493.30000000,26317.40000000,26359.93000000,1711.09205000,1686171599999,45132948.26218060,38546,811.76926000,21407440.35626010,0
1686171600000,26359.94000000,26457.23000000,26125.01000000,26156.00000000,2031.37972000,1686175199999,53491202.09205100,49780,844.17771000,22236499.15155760,0
1686175200000,26154.52000000,26373.33000000,26132.40000000,26275.90000000,1989.36987000,1686178799999,52262543.00737160,53109,988.53606000,25970075.94904840,0
1686178800000,26275.90000000,26364.95000000,26257.35000000,26339.34000000,1020.03527000,1686182399999,26844685.49156750,28512,436.19396000,11477380.35654740,0
1686182400000,26339.34000000,26440.49000000,26305.11000000,26390.01000000,1503.99009000,1686185999999,39651816.71299430,35116,694.09811000,18299895.27838340,0
1686186000000,26390.01000000,26470.00000000,26383.90000000,26443.60000000,1022.65527000,1686189599999,27032545.95333180,26668,501.17479000,13248906.88841510,0
1686189600000,26443.60000000,26446.00000000,26363.48000000,26386.51000000,1033.29331000,1686193199999,27275401.28073710,24003,516.03370000,13618720.99515770,0
1686193200000,26386.50000000,26386.51000000,26210.00000000,26344.17000000,1658.68120000,1686196799999,43621099.67678620,42605,721.91024000,18983151.10775990,0
1686196800000,26344.16000000,26428.06000000,26326.19000000,26400.97000000,718.48832000,1686200399999,18954200.99132940,25372,356.12593000,9394410.49849550,0
1686200400000,26400.96000000,26435.22000000,26350.00000000,26377.51000000,839.63098000,1686203999999,22169894.02392930,25972,383.53786000,10126314.16135340,0
1686204000000,26377.51000000,26495.01000000,26290.19000000,26427.34000000,1115.90348000,1686207599999,29442609.69210340,37658,564.58603000,14898490.90317630,0
1686207600000,26427.34000000,26523.93000000,26416.92000000,26444.69000000,1051.35051000,1686211199999,27820463.97739870,39424,494.32628000,13080845.49377790,0
1686211200000,26444.68000000,26463.99000000,26403.87000000,26441.54000000,620.38652000,1686214799999,16396270.96826370,23447,264.53503000,6991314.28464980,0
1686214800000,26441.55000000,26444.18000000,26370.00000000,26385.06000000,750.87232000,1686218399999,19824620.67438800,26733,287.60053000,7592913.77139870,0
1686218400000,26385.05000000,26496.10000000,26368.04000000,26484.77000000,799.15752000,1686221999999,21112599.82231590,29839,390.36118000,10312947.54744730,0
1686222000000,26484.77000000,26504.94000000,26408.92000000,26432.00000000,1034.12004000,1686225599999,27350589.29159050,33036,437.94084000,11582534.45858650,0
1686225600000,26432.01000000,26575.95000000,26370.00000000,26462.90000000,2417.66604000,1686229199999,63995530.37807190,54485,1119.23307000,29625634.85993080,0
1686229200000,26462.90000000,26479.00000000,26300.00000000,26400.93000000,2457.93413000,1686232799999,64867561.06273440,67176,1047.26031000,27638218.34139510,0
1686232800000,26400.92000000,26686.87000000,26351.32000000,26648.55000000,2988.17396000,1686236399999,79385785.57767710,71487,1519.80207000,40372077.36298770,0
1686236400000,26648.54000000,26810.00000000,26579.97000000,26721.68000000,2794.16610000,1686239999999,74566929.29412520,59939,1408.08008000,37597253.09248500,0
1686240000000,26721.69000000,26732.24000000,26414.02000000,26498.40000000,2839.83235000,1686243599999,75469849.83450300,59931,1201.36858000,31913066.69425670,0
1686243600000,26498.39000000,26515.12000000,26435.01000000,26485.00000000,976.46959000,1686247199999,25855325.74953400,31701,431.31857000,11420921.96439900,0
1686247200000,26485.00000000,26571.99000000,26442.00000000,26550.00000000,1050.51441000,1686250799999,27834915.17483590,29739,649.56910000,17212579.96374640,0
1686250800000,26550.00000000,26564.38000000,26515.99000000,26539.90000000,591.34861000,1686254399999,15692385.41445030,21078,283.37821000,7519610.07526640,0
1686254400000,26539.86000000,26649.97000000,26521.07000000,26637.30000000,958.11632000,1686257999999,25488682.10519540,28636,502.91221000,13379279.28772150,0
1686258000000,26637.31000000,26644.51000000,26552.00000000,26573.42000000,663.12157000,1686261599999,17635895.24860080,19608,281.98434000,7498183.74640140,0
1686261600000,26573.42000000,26601.77000000,26525.89000000,26544.38000000,545.50744000,1686265199999,14496870.29467270,16227,256.61834000,6820107.29918950,0
1686265200000,26544.39000000,26553.53000000,26488.01000000,26498.61000000,644.13075000,1686268799999,17081795.03730600,18372,300.85201000,7978555.36359890,0
1686268800000,26498.62000000,26509.72000000,26430.00000000,26456.95000000,935.16043000,1686272399999,24752529.22162250,29961,442.70349000,11717748.78309400,0
1686272400000,26456.95000000,26596.58000000,26439.98000000,26504.21000000,1113.87611000,1686275999999,29537865.87465220,29737,570.56239000,15128784.27737010,0
1686276000000,26504.21000000,26537.18000000,26269.91000000,26457.51000000,2532.48238000,1686279599999,66869287.88701970,55239,1169.94217000,30890385.12177660,0
1686279600000,26457.50000000,26501.75000000,26439.11000000,26483.70000000,741.00860000,1686283199999,19615238.96911390,21878,310.96457000,8231153.24176980,0
1686283200000,26483.69000000,26507.11000000,26424.35000000,26491.38000000,877.26907000,1686286799999,23215799.26601830,20264,350.46086000,9274361.87542500,0
1686286800000,26491.38000000,26533.30000000,26475.51000000,26504.54000000,683.74932000,1686290399999,18116697.13549020,18132,339.38465000,8992103.47371010,0
1686290400000,26504.54000000,26576.55000000,26475.24000000,26492.93000000,1051.33756000,1686293999999,27880671.84717330,30135,485.70427000,12880495.35040980,0
1686294000000,26492.92000000,26500.00000000,26440.38000000,26493.43000000,1003.56886000,1686297599999,26569275.16065110,26106,471.40853000,12480196.48826920,0
1686297600000,26493.44000000,26650.00000000,26491.66000000,26642.37000000,1657.03118000,1686301199999,44034742.31928570,37555,724.58736000,19253571.03450450,0
1686301200000,26642.38000000,26685.43000000,26591.00000000,26639.03000000,1272.29010000,1686304799999,33878490.94622050,29422,533.78096000,14214235.91682370,0
1686304800000,26639.03000000,26675.82000000,26602.51000000,26635.40000000,988.92677000,1686308399999,26345859.48052690,28048,480.03130000,12787641.02483610,0
1686308400000,26635.39000000,26644.96000000,26560.00000000,26610.19000000,968.93409000,1686311999999,25779401.11109970,28461,425.97103000,11333791.66334290,0
1686312000000,26610.18000000,26699.99000000,26610.18000000,26673.76000000,1186.08180000,1686315599999,31608155.72226080,34344,617.77453000,16463664.41100680,0
1686315600000,26673.75000000,26783.33000000,26627.21000000,26634.65000000,2351.81394000,1686319199999,62764856.31199290,53659,1048.00605000,27968234.92471550,0
1686319200000,26634.64000000,26712.52000000,26536.96000000,26594.64000000,1793.16256000,1686322799999,47732735.70472160,50163,833.06130000,22173090.06784410,0
1686322800000,26594.63000000,26633.76000000,26452.86000000,26477.37000000,1874.56230000,1686326399999,49784191.33562660,44513,817.19653000,21701689.94555510,0
1686326400000,26477.36000000,26529.54000000,26442.98000000,26482.84000000,1257.10608000,1686329999999,33292306.09726920,34744,536.80954000,14215218.35285060,0
1686330000000,26482.83000000,26515.00000000,26417.92000000,26496.06000000,1105.22958000,1686333599999,29262521.61158330,31336,559.93303000,14825062.78412990,0
1686333600000,26496.05000000,26516.71000000,26412.44000000,26450.00000000,917.15989000,1686337199999,24265255.19937160,27189,433.74046000,11475115.86337850,0
1686337200000,26450.00000000,26490.00000000,26383.05000000,26407.15000000,1165.90636000,1686340799999,30808101.84544300,37239,542.12893000,14324025.56884860,0
1686340800000,26407.15000000,26470.00000000,26397.11000000,26451.16000000,869.25481000,1686344399999,22984989.16147370,25226,405.57609000,10723553.49507150,0
1686344400000,26451.16000000,26499.50000000,26445.75000000,26479.52000000,534.36400000,1686347999999,14143649.40620550,19321,247.46054000,6549122.22456600,0
1686348000000,26479.51000000,26500.00000000,26458.07000000,26492.69000000,472.82674000,1686351599999,12520368.86298430,17111,199.99176000,5295474.34460550,0
1686351600000,26492.69000000,26498.17000000,26449.78000000,26477.81000000,581.60717000,1686355199999,15395224.57609580,17128,209.89327000,5555924.66171040,0
1686355200000,26477.80000000,26487.26000000,26450.00000000,26459.99000000,665.29959000,1686358799999,17613062.00601510,21595,294.72581000,7802579.04817470,0
1686358800000,26459.99000000,26533.87000000,26311.31000000,26396.93000000,1547.82949000,1686362399999,40910458.57413010,47658,669.08146000,17686232.14420770,0
1686362400000,26396.94000000,26437.08000000,26280.00000000,26326.92000000,1554.34919000,1686365999999,40985817.17886530,50413,701.98261000,18511275.90335900,0
1686366000000,26326.93000000,26365.74000000,26266.00000000,26323.07000000,1254.18152000,1686369599999,33025397.65505520,45338,601.96822000,15851359.34045020,0
1686369600000,26323.07000000,26349.17000000,25715.46000000,25765.28000000,9775.41263000,1686373199999,253691366.46610770,225874,4543.16331000,117886235.42863320,0
1686373200000,25765.29000000,25808.12000000,25456.41000000,25518.06000000,7756.38422000,1686376799999,198625599.31612430,181097,3729.93628000,95516863.50725770,0
1686376800000,25518.06000000,25638.93000000,25457.46000000,25538.81000000,5172.67080000,1686380399999,132210892.04212860,123624,2575.66413000,65832717.42748850,0
1686380400000,25538.81000000,25743.80000000,25493.27000000,25651.09000000,5389.58832000,1686383999999,138084010.33532740,104175,2663.61695000,68240998.62791820,0
1686384000000,25651.08000000,25750.25000000,25561.25000000,25669.07000000,3349.48241000,1686387599999,85929037.91411450,70434,1646.47571000,42239738.02970200,0
1686387600000,25669.06000000,25682.78000000,25614.85000000,25651.88000000,1441.75021000,1686391199999,36982299.14165040,45260,705.23923000,18090313.02450410,0
1686391200000,25651.89000000,25701.68000000,25598.49000000,25698.31000000,1177.12476000,1686394799999,30196999.21627570,40933,615.24016000,15784373.85739720,0
1686394800000,25698.30000000,25739.29000000,25659.07000000,25731.40000000,1197.11154000,1686398399999,30764553.12185360,41071,651.57482000,16746352.71161410,0
1686398400000,25731.41000000,25731.41000000,25608.58000000,25616.18000000,1533.27880000,1686401999999,39339506.49145800,45456,670.36145000,17198486.30299870,0
1686402000000,25616.19000000,25679.06000000,25572.94000000,25657.49000000,1219.23391000,1686405599999,31253570.79993020,46103,639.53268000,16393695.96447810,0
1686405600000,25657.50000000,25706.57000000,25627.00000000,25668.34000000,1412.86466000,1686409199999,36252475.60638240,47053,698.95408000,17934882.82410780,0
1686409200000,25668.35000000,25679.93000000,25600.00000000,25628.80000000,1103.39326000,1686412799999,28298090.62952200,42879,581.03258000,14901380.61184760,0
1686412800000,25628.81000000,25649.50000000,25582.01000000,25588.67000000,1188.53634000,1686416399999,30435275.23764270,42467,585.10103000,14983160.42907820,0
1686416400000,25588.67000000,26154.00000000,25400.00000000,26022.34000000,7288.38030000,1686419999999,188324184.55980710,164588,3746.66199000,96831120.73191000,0
1686420000000,26022.34000000,26043.49000000,25358.00000000,25547.28000000,4939.79125000,1686423599999,126929384.69337480,126334,2377.29444000,61093554.91574400,0
1686423600000,25547.28000000,25750.95000000,25540.56000000,25750.00000000,1558.21510000,1686427199999,39941095.18532770,50077,759.72239000,19476346.24370290,0
1686427200000,25750.01000000,25873.54000000,25679.59000000,25751.25000000,1741.52798000,1686430799999,44884742.90516600,54465,856.57971000,22076389.36340830,0
1686430800000,25751.25000000,25829.72000000,25687.26000000,25761.28000000,928.70332000,1686434399999,23906906.46868550,34768,444.64783000,11447774.77707980,0
1686434400000,25761.29000000,25932.02000000,25745.78000000,25875.16000000,1084.66850000,1686437999999,28021008.44315580,35983,505.52868000,13062092.71373510,0
1686438000000,25875.17000000,25892.38000000,25830.00000000,25841.21000000,664.82298000,1686441599999,17189501.41279220,26226,294.04543000,7602464.31976370,0
1686441600000,25841.22000000,25850.00000000,25730.86000000,25750.28000000,1006.26589000,1686445199999,25956356.95171750,40352,463.59562000,11958585.42384210,0
1686445200000,25750.27000000,25864.32000000,25718.97000000,25824.99000000,1035.45895000,1686448799999,26700940.02346480,30719,433.57541000,11182195.97497540,0
1686448800000,25824.99000000,25827.93000000,25747.28000000,25766.72000000,1166.38053000,1686452399999,30075463.27343500,25243,497.59300000,12831741.84745530,0
1686452400000,25766.71000000,25770.00000000,25695.00000000,25727.51000000,1010.00082000,1686455999999,25996579.36943430,30022,465.45756000,11980255.20988800,0
1686456000000,25727.51000000,25759.99000000,25634.70000000,25727.74000000,1218.85905000,1686459599999,31322062.18937550,40758,561.31309000,14423740.42863510,0
1686459600000,25727.74000000,25834.59000000,25727.74000000,25819.10000000,913.31373000,1686463199999,23542028.06879650,26902,472.02235000,12166451.58373220,0
1686463200000,25819.10000000,25823.91000000,25767.34000000,25786.49000000,595.08665000,1686466799999,15349954.48594810,25532,285.95078000,7376042.48953860,0
1686466800000,25786.49000000,25796.88000000,25740.02000000,25741.33000000,941.71498000,1686470399999,24266577.54594350,27538,558.97764000,14404957.28012940,0
1686470400000,25741.32000000,25768.54000000,25695.08000000,25740.20000000,643.87081000,1686473999999,16569503.71371360,27350,277.68342000,7145931.14849160,0
1686474000000,25740.21000000,25772.97000000,25701.42000000,25706.26000000,797.94329000,1686477599999,20537990.53975300,27317,350.39239000,9018719.54609040,0
1686477600000,25706.25000000,25795.27000000,25695.00000000,25774.08000000,1170.50916000,1686481199999,30133850.36987020,28294,584.43413000,15044923.72026520,0
1686481200000,25774.08000000,25842.44000000,25757.13000000,25796.06000000,1164.36338000,1686484799999,30041456.14333990,29112,562.77551000,14518944.83181450,0
1686484800000,25796.05000000,25798.72000000,25747.61000000,25750.00000000,809.95086000,1686488399999,20875437.13550560,25169,337.70527000,8704097.81010620,0
1686488400000,25750.01000000,25776.13000000,25672.68000000,25703.33000000,1389.19458000,1686491999999,35760421.32248830,34016,587.35395000,15120617.42022030,0
1686492000000,25703.32000000,25806.11000000,25694.72000000,25753.19000000,950.15240000,1686495599999,24455959.97453850,33843,426.10906000,10966907.39081460,0
1686495600000,25753.18000000,25778.08000000,25742.12000000,25746.05000000,609.08217000,1686499199999,15687083.88714580,16156,240.98979000,6206586.37103290,0
